Workbook
Name Slicer_age_group1: #N/A
Name Slicer_city1: #N/A
Name Slicer_gender1: #N/A

Sheet customer_data
A1: customer_id | B1: age | C1: gender | D1: city | E1: email | F1: age group
A2: C000001 | B2: 61 | C2: Non-binary | D2: Lisbon | E2: user1@example.com | F2: =IF(B2<=25,"16-25", IF(B2<=35,"26-35", IF(B2<=45,"36-45","46+"))) -> 46+
A3: C000002 | B3: 61 | C3: Female | D3: Coimbra | E3: user2@example.com | F3: =IF(B3<=25,"16-25", IF(B3<=35,"26-35", IF(B3<=45,"36-45","46+"))) -> 46+
A4: C000003 | B4: 22 | C4: Female | D4: Faro | E4: user3@example.com | F4: =IF(B4<=25,"16-25", IF(B4<=35,"26-35", IF(B4<=45,"36-45","46+"))) -> 16-25
A5: C000004 | B5: 46 | C5: Non-binary | D5: Lisbon | E5: user4@example.com | F5: =IF(B5<=25,"16-25", IF(B5<=35,"26-35", IF(B5<=45,"36-45","46+"))) -> 46+
A6: C000005 | B6: 47 | C6: Non-binary | D6: Faro | E6: user5@example.com | F6: =IF(B6<=25,"16-25", IF(B6<=35,"26-35", IF(B6<=45,"36-45","46+"))) -> 46+
A7: C000006 | B7: 59 | C7: Female | D7: Faro | E7: user6@example.com | F7: =IF(B7<=25,"16-25", IF(B7<=35,"26-35", IF(B7<=45,"36-45","46+"))) -> 46+
A8: C000007 | B8: 52 | C8: Female | D8: Faro | E8: user7@example.com | F8: =IF(B8<=25,"16-25", IF(B8<=35,"26-35", IF(B8<=45,"36-45","46+"))) -> 46+
A9: C000008 | B9: 59 | C9: Non-binary | D9: Lisbon | E9: user8@example.com | F9: =IF(B9<=25,"16-25", IF(B9<=35,"26-35", IF(B9<=45,"36-45","46+"))) -> 46+
A10: C000009 | B10: 49 | C10: Female | D10: Braga | E10: user9@example.com | F10: =IF(B10<=25,"16-25", IF(B10<=35,"26-35", IF(B10<=45,"36-45","46+"))) -> 46+
A11: C000010 | B11: 48 | C11: Male | D11: Braga | E11: user10@example.com | F11: =IF(B11<=25,"16-25", IF(B11<=35,"26-35", IF(B11<=45,"36-45","46+"))) -> 46+
A12: C000011 | B12: 20 | C12: Male | D12: Braga | E12: user11@example.com | F12: =IF(B12<=25,"16-25", IF(B12<=35,"26-35", IF(B12<=45,"36-45","46+"))) -> 16-25
A13: C000012 | B13: 32 | C13: Female | D13: Coimbra | E13: user12@example.com | F13: =IF(B13<=25,"16-25", IF(B13<=35,"26-35", IF(B13<=45,"36-45","46+"))) -> 26-35
... A5000: C004999 | B5000: 19 | C5000: Non-binary | D5000: Braga | E5000: user4999@example.com | F5000: =IF(B5000<=25,"16-25", IF(B5000<=35,"26-35", IF(B5000<=45,"36-45","46+"))) -> 16-25
A5001: C005000 | B5001: 48 | C5001: Non-binary | D5001: Faro | E5001: ="user"&ROW(E2)+4998&"@example.com" -> user5000@example.com | F5001: =IF(B5001<=25,"16-25", IF(B5001<=35,"26-35", IF(B5001<=45,"36-45","46+"))) -> 46+
A5002: C005001 | B5002: 55 | C5002: Non-binary | D5002: Lisbon | E5002: ="user"&ROW(E3)+4998&"@example.com" -> user5001@example.com | F5002: =IF(B5002<=25,"16-25", IF(B5002<=35,"26-35", IF(B5002<=45,"36-45","46+"))) -> 46+
A5003: C005002 | B5003: 65 | C5003: Male | D5003: Lisbon | E5003: ="user"&ROW(E4)+4998&"@example.com" -> user5002@example.com | F5003: =IF(B5003<=25,"16-25", IF(B5003<=35,"26-35", IF(B5003<=45,"36-45","46+"))) -> 46+
A5004: C005003 | B5004: 68 | C5004: Non-binary | D5004: Porto | E5004: ="user"&ROW(E5)+4998&"@example.com" -> user5003@example.com | F5004: =IF(B5004<=25,"16-25", IF(B5004<=35,"26-35", IF(B5004<=45,"36-45","46+"))) -> 46+
A5005: C005004 | B5005: 67 | C5005: Female | D5005: Braga | E5005: ="user"&ROW(E6)+4998&"@example.com" -> user5004@example.com | F5005: =IF(B5005<=25,"16-25", IF(B5005<=35,"26-35", IF(B5005<=45,"36-45","46+"))) -> 46+
A5006: C005005 | B5006: 41 | C5006: Female | D5006: Coimbra | E5006: ="user"&ROW(E7)+4998&"@example.com" -> user5005@example.com | F5006: =IF(B5006<=25,"16-25", IF(B5006<=35,"26-35", IF(B5006<=45,"36-45","46+"))) -> 36-45
A5007: C005006 | B5007: 16 | C5007: Female | D5007: Lisbon | E5007: ="user"&ROW(E8)+4998&"@example.com" -> user5006@example.com | F5007: =IF(B5007<=25,"16-25", IF(B5007<=35,"26-35", IF(B5007<=45,"36-45","46+"))) -> 16-25
A5008: C005007 | B5008: 34 | C5008: Female | D5008: Faro | E5008: ="user"&ROW(E9)+4998&"@example.com" -> user5007@example.com | F5008: =IF(B5008<=25,"16-25", IF(B5008<=35,"26-35", IF(B5008<=45,"36-45","46+"))) -> 26-35
A5009: C005008 | B5009: 47 | C5009: Female | D5009: Faro | E5009: ="user"&ROW(E10)+4998&"@example.com" -> user5008@example.com | F5009: =IF(B5009<=25,"16-25", IF(B5009<=35,"26-35", IF(B5009<=45,"36-45","46+"))) -> 46+
A5010: C005009 | B5010: 28 | C5010: Female | D5010: Porto | E5010: ="user"&ROW(E11)+4998&"@example.com" -> user5009@example.com | F5010: =IF(B5010<=25,"16-25", IF(B5010<=35,"26-35", IF(B5010<=45,"36-45","46+"))) -> 26-35
A5011: C005010 | B5011: 19 | C5011: Male | D5011: Braga | E5011: ="user"&ROW(E12)+4998&"@example.com" -> user5010@example.com | F5011: =IF(B5011<=25,"16-25", IF(B5011<=35,"26-35", IF(B5011<=45,"36-45","46+"))) -> 16-25
A5012: C005011 | B5012: 51 | C5012: Male | D5012: Porto | E5012: ="user"&ROW(E13)+4998&"@example.com" -> user5011@example.com | F5012: =IF(B5012<=25,"16-25", IF(B5012<=35,"26-35", IF(B5012<=45,"36-45","46+"))) -> 46+
... A25001: C025000 | B25001: 54 | C25001: Male | D25001: Braga | E25001: ="user"&ROW(E20002)+4998&"@example.com" -> user25000@example.com | F25001: =IF(B25001<=25,"16-25", IF(B25001<=35,"26-35", IF(B25001<=45,"36-45","46+"))) -> 46+

Sheet Sheet1
A1: =COUNTA(customer_data!A2:A25001) -> 25000 | B1: =COUNTIF(customer_data!C:C,"Male")/25000 -> 0.33348
A2: =AVERAGE(customer_data!B:B) -> 42.46128 | B2: =COUNTIF(customer_data!C:C,"Female")/25000 -> 0.3244
A3: =MIN(customer_data!B:B) -> 16 | B3: =COUNTIF(customer_data!C:C,"Non-binary")/25000 -> 0.34212
A4: =MAX(customer_data!B:B) -> 69 | B4: =COUNTA(_xlfn.UNIQUE(customer_data!D2:D25001)) -> 5
A5: =COUNTIF(customer_data!C:C, "Male") -> 8337
A6: =COUNTIF(customer_data!C:C,"Female") -> 8110
A7: =COUNTIF(customer_data!C:C,"Non-binary") -> 8553
A8: {=_xlfn.UNIQUE(customer_data!D2:D25001)} -> Lisbon | B8: =COUNTIF(customer_data!D:D, A8) -> 5062
A9: Coimbra | B9: =COUNTIF(customer_data!D:D, A9) -> 4978
A10: Faro | B10: =COUNTIF(customer_data!D:D, A10) -> 5118
A11: Braga | B11: =COUNTIF(customer_data!D:D, A11) -> 5000
A12: Porto | B12: =COUNTIF(customer_data!D:D, A12) -> 4842
A13: =MAX(B8:B12) -> 5118
A14: =_xlfn.XLOOKUP(MAX(B8:B12),B8:B12, A8:A12) -> Faro

Sheet Sheet2
A3: Row Labels | B3: Count of customer_id | E3: Row Labels | F3: Count of city | I3: Row Labels | J3: Count of customer_id | M3: Row Labels | N3: Average of age | Q3: Row Labels | R3: Count of customer_id | V3: Count of customer_id | W3: Column Labels | AB3: Count of customer_id | AC3: Column Labels
A4: Braga | B4: 5000 | E4: Female | F4: 8110 | I4: 16-25 | J4: 4625 | M4: Braga | N4: 42.6986 | Q4: Female | R4: 8110 | V4: Row Labels | W4: Female | X4: Male | Y4: Non-binary | Z4: Grand Total | AB4: Row Labels | AC4: Female | AD4: Male | AE4: Non-binary | AF4: Grand Total
A5: Coimbra | B5: 4978 | E5: Male | F5: 8337 | I5: 26-35 | J5: 4617 | M5: Coimbra | N5: 42.324026 | Q5: Male | R5: 8337 | V5: Braga | W5: 1609 | X5: 1648 | Y5: 1743 | Z5: 5000 | AB5: 16-25 | AC5: 1488 | AD5: 1547 | AE5: 1590 | AF5: 4625
A6: Faro | B6: 5118 | E6: Non-binary | F6: 8553 | I6: 36-45 | J6: 4689 | M6: Faro | N6: 42.221962 | Q6: Non-binary | R6: 8553 | V6: Coimbra | W6: 1622 | X6: 1658 | Y6: 1698 | Z6: 4978 | AB6: 26-35 | AC6: 1495 | AD6: 1537 | AE6: 1585 | AF6: 4617
A7: Lisbon | B7: 5062 | E7: Grand Total | F7: 25000 | I7: 46+ | J7: 11069 | M7: Lisbon | N7: 42.708021 | Q7: Grand Total | R7: 25000 | V7: Faro | W7: 1673 | X7: 1753 | Y7: 1692 | Z7: 5118 | AB7: 36-45 | AC7: 1526 | AD7: 1561 | AE7: 1602 | AF7: 4689
A8: Porto | B8: 4842 | I8: Grand Total | J8: 25000 | M8: Porto | N8: 42.352334 | V8: Lisbon | W8: 1632 | X8: 1654 | Y8: 1776 | Z8: 5062 | AB8: 46+ | AC8: 3601 | AD8: 3692 | AE8: 3776 | AF8: 11069
A9: Grand Total | B9: 25000 | M9: Grand Total | N9: 42.46128 | V9: Porto | W9: 1574 | X9: 1624 | Y9: 1644 | Z9: 4842 | AB9: Grand Total | AC9: 8110 | AD9: 8337 | AE9: 8553 | AF9: 25000
V10: Grand Total | W10: 8110 | X10: 8337 | Y10: 8553 | Z10: 25000

Sheet Sheet3
AA1: =Sheet1!A1 -> 25000
AA2: =Sheet1!A2 -> 42.46128
AA3: =Sheet1!B1 -> 0.33348
AA4: =Sheet1!B2 -> 0.3244
AA5: =Sheet1!B3 -> 0.34212
AA6: =Sheet1!B4 -> 5
